RankRank,Player NamePlayer,TeamTeam,SuccesfulSuccesful,ErrorsSE,AttempsAtt,Average per matchaverage-per-match,Success %Success %,TotalTA
1,Ishikawa,JPN,121,10,227,8.07,33.8,358
2,Alsmeier,GER,111,23,249,8.54,28.98,383
3,Milanova A.,BUL,95,17,242,7.92,26.84,354
4,Sato,JPN,90,11,219,6.0,28.12,320
5,Bergmann,BRA,89,22,287,5.93,22.36,398
6,Szczygłowska,POL,76,3,118,5.07,38.58,197
7,Gelin,FRA,74,10,145,6.17,32.31,229
8,Zhuang Y.S.,CHN,73,11,165,5.62,29.32,249
9,Łukasik,POL,66,8,204,4.4,23.74,278
9,Uzelac,SRB,66,10,167,8.25,27.16,243
10,P.Piyanut,THA,65,12,132,5.42,31.1,209
11,Gong X.Y.,CHN,64,7,144,4.92,29.77,215
12,Herbots,BEL,62,9,157,7.75,27.19,228
12,Degradi,ITA,62,6,187,4.13,24.31,255
12,Mitrovic,CAN,62,15,218,5.17,21.02,295
13,Digrinova,CZE,60,9,164,5.0,25.75,233
14,Ivanović,SRB,57,14,159,4.75,24.78,230
14,Mlejnkova,CZE,57,15,239,4.75,18.33,311
15,Jegdić,SRB,56,11,100,5.09,33.53,167
16,Erkek,TUR,54,9,125,4.15,28.72,188
16,Seoyoung,KOR,54,17,247,4.5,16.98,318
17,Sylla,ITA,52,12,160,4.73,23.21,224
18,S.Warisara,THA,51,8,179,4.25,21.43,238
18,Czyrniańska,POL,51,13,207,3.4,18.82,271
18,Radovic,BEL,51,13,163,4.25,22.47,227
18,Cazaute,FRA,51,8,138,6.38,25.89,197
19,Rampelberg,BEL,50,19,143,4.17,23.58,212
19,Franklin,USA,50,14,174,3.85,21.01,238
20,Guezen,CAN,48,13,169,4.0,20.87,230
20,SOHWI,KOR,48,16,219,4.0,16.96,283
21,Vos,NED,47,16,149,3.92,22.17,212
21,Pogany,GER,47,9,107,3.62,28.83,163
22,Ni F.F.,CHN,46,8,116,3.54,27.06,170
22,Kok,NED,46,18,177,3.83,19.09,241
23,Eggleston,USA,45,16,171,3.46,19.4,232
23,Grozer,CZE,45,15,167,3.75,19.82,227
23,Gabi,BRA,45,6,73,5.0,36.29,124
24,Peña Isabel,DOM,44,10,187,3.67,18.26,241
24,Lais,BRA,44,6,102,2.93,28.95,152
25,Dangubić,SRB,42,9,169,3.5,19.09,220
25,DAHYE,KOR,42,8,144,3.5,21.65,194
26,Reesink,NED,40,16,159,3.33,18.6,215
26,Nervini,ITA,40,7,107,3.64,25.97,154
26,Örge,TUR,40,4,95,4.44,28.78,139
27,De Gennaro,ITA,39,5,59,2.6,37.86,103
27,Jost,CAN,39,7,113,3.55,24.53,159
28,Wu M.J.,CHN,38,12,142,3.17,19.79,192
28,Marcelle,BRA,38,8,62,5.43,35.19,108
29,Ana Cristina,BRA,36,11,149,3.6,18.37,196
29,Atanasijević,BUL,36,10,143,4.5,19.05,189
30,Pashkuleva,BUL,35,7,54,8.75,36.46,96
31,S. Sahin,TUR,34,4,73,2.62,30.63,111
31,Y. Rodriguez,DOM,34,18,132,2.83,18.48,184
31,Karabasheva,BUL,34,13,119,3.78,20.48,166
31,Johnson,CAN,34,17,168,2.83,15.53,219
32,Haewegene,FRA,33,9,164,2.75,16.02,206
32,Baladın,TUR,33,4,112,3.67,22.15,149
32,Rodriguez,USA,33,3,68,3.67,31.73,104
33,K.Ajcharaporn,THA,31,11,101,2.58,21.68,143
34,Jones-Perry,USA,30,7,126,2.73,18.4,163
34,Piasecka,POL,30,17,85,2.73,22.73,132
35,Schalk,FRA,28,12,91,2.55,21.37,131
35,Rotar,FRA,28,10,74,2.33,25.0,112
36,B. Martinez,DOM,27,24,257,2.25,8.77,308
37,Demeyer,BEL,26,10,136,2.17,15.12,172
38,Grozer,GER,25,7,95,3.12,19.69,127
38,Karakurt,TUR,25,5,96,2.78,19.84,126
39,Wang M.J.,CHN,24,7,87,1.85,20.34,118
39,Stanchulova,BUL,24,12,56,2.0,26.09,92
39,A. Skinner,USA,24,9,91,6.0,19.35,124
40,Giovannini,ITA,23,8,52,1.53,27.71,83
40,Stautz,GER,23,10,85,1.77,19.49,118
41,Aköz,TUR,22,2,50,2.44,29.73,74
41,Damaske,POL,22,6,87,1.47,19.13,115
41,Daalderop,NED,22,3,114,1.83,15.83,139
41,Stigrot,GER,22,6,77,4.4,20.95,105
42,Kojima,JPN,20,4,82,2.0,18.87,106
43,S. Donphon,THA,17,6,54,1.42,22.08,77
43,J.Sasipaporn,THA,17,6,78,1.55,16.83,101
43,Hentz,USA,17,2,60,1.31,21.52,79
44,H. Jasper,NED,16,1,42,1.78,27.12,59
44,Fersino,ITA,16,0,28,1.07,36.36,44
45,Łysiak,POL,15,1,27,1.0,34.88,43
45,Matos,DOM,15,10,65,1.25,16.67,90
45,Bukovska,CZE,15,9,76,1.25,15.0,100
46,S. Thanacha,THA,14,4,40,1.17,24.14,58
47,Yatgın,TUR,13,1,15,1.62,44.83,29
48,Dong Y. H.,CHN,12,1,36,0.92,24.49,49
48,Caraballo,DOM,12,4,29,1.0,26.67,45
48,Cesar,GER,12,2,20,0.92,35.29,34
48,Fukudome,JPN,12,1,17,2.0,40.0,30
49,Iwasawa,JPN,11,3,24,1.1,28.95,38
49,Omoruyi,ITA,11,3,30,1.38,25.0,44
49,Racheva,BUL,11,6,55,0.92,15.28,72
49,Kitamado,JPN,11,3,30,1.1,25.0,44
49,Orthmann,GER,11,3,42,2.2,19.64,56
50,Diken,TUR,9,3,23,0.9,25.71,35
50,Cebecioğlu,TUR,9,2,16,1.12,33.33,27
50,Różański,POL,9,3,36,2.25,18.75,48
50,Nishimura,JPN,9,1,20,1.8,30.0,30
50,Gocanin,SRB,9,2,13,1.29,37.5,24
50,Dostalova,CZE,9,3,31,1.12,20.93,43
50,Ninova,BUL,9,5,22,1.12,25.0,36
51,M.Chatchu-On,THA,8,3,37,1.14,16.67,48
52,K.Pimpichaya,THA,7,5,24,0.58,19.44,36
52,Akimoto,JPN,7,1,20,0.5,25.0,28
52,Svobodova,CZE,7,1,6,0.58,50.0,14
52,Murmann,CAN,7,2,16,1.0,28.0,25
52,Giardino,FRA,7,1,12,0.88,35.0,20
52,Jansen,NED,7,2,17,1.75,26.92,26
53,M. Skinner,USA,6,3,42,0.5,11.76,51
53,Watson,CAN,6,0,19,0.86,24.0,25
53,Kawabata,JPN,6,0,11,3.0,35.29,17
54,Tang X.,CHN,5,1,18,0.45,20.83,24
54,Tabacuks,GER,5,1,23,1.25,17.24,29
54,Nishizaki,JPN,5,0,9,1.67,35.71,14
54,Milenković,SRB,5,2,29,1.0,13.89,36
54,Heredia,DOM,5,3,23,1.25,16.13,31
55,Shimamura,JPN,4,0,7,0.31,36.36,11
55,Koulisiani,CZE,4,0,4,0.33,50.0,8
55,YUNJU,KOR,4,10,78,0.33,4.35,92
55,Georgiadis,CAN,4,3,28,0.5,11.43,35
55,Pušić,SRB,4,0,13,0.67,23.53,17
56,N.Thatdao,THA,3,1,9,0.25,23.08,13
56,Debouck,BEL,3,1,13,0.25,17.65,17
56,Verhelst,BEL,3,4,9,0.25,18.75,16
56,Airi,JPN,3,0,4,0.2,42.86,7
56,Kika,BRA,3,1,5,0.38,33.33,9
56,K.Kalyarat,THA,3,0,1,0.33,75.0,4
57,Fanguedou,FRA,2,0,2,0.17,50.0,4
57,Diouf,FRA,2,1,10,0.5,15.38,13
57,Sylves,FRA,2,1,4,0.17,28.57,7
57,Wang Y.Y.,CHN,2,0,6,0.15,25.0,8
57,Van Elsen,BEL,2,0,5,0.17,28.57,7
57,Van Aalen,NED,2,1,1,0.17,50.0,4
57,Stuut,NED,2,0,4,0.17,33.33,6
57,Kuipers,NED,2,1,9,0.25,16.67,12
57,Wada,JPN,2,0,6,0.13,25.0,8
57,Danesi,ITA,2,0,5,0.13,28.57,7
57,L. Martinez,DOM,2,1,27,0.17,6.67,30
57,Helena,BRA,2,1,7,0.14,20.0,10
57,Dimitrova N.,BUL,2,1,5,0.25,25.0,8
57,Maglio,CAN,2,0,8,0.17,20.0,10
57,Jua,KOR,2,2,16,0.17,10.0,20
57,Jatzko,GER,2,3,13,0.5,11.11,18
57,Jurczyk,POL,2,0,1,0.18,66.67,3
57,Tica,SRB,2,0,6,0.33,25.0,8
58,Ozden,TUR,1,0,0,0.11,100.0,1
58,N.Jidapa,THA,1,1,5,0.33,14.29,7
58,B.Hattaya,THA,1,0,4,0.17,20.0,5
58,T.Wimonrat,THA,1,1,2,0.08,25.0,4
58,Yang S. M.,CHN,1,0,6,0.1,14.29,7
58,Chen H. Y.,CHN,1,2,3,0.08,16.67,6
58,Van Sas,BEL,1,2,2,0.08,20.0,5
58,Fransen,BEL,1,2,3,0.08,16.67,6
58,Gerritsen,NED,1,0,0,0.08,100.0,1
58,Van De Vosse,NED,1,0,1,0.08,50.0,2
58,Araki,JPN,1,0,1,0.07,50.0,2
58,Yamada,JPN,1,0,0,0.07,100.0,1
58,Fukazawa,JPN,1,0,3,0.08,25.0,4
58,Igiede,USA,1,0,9,0.11,10.0,10
58,Jarvis,USA,1,2,12,0.25,6.67,15
58,McCage,USA,1,0,1,0.12,50.0,2
58,Fahr,ITA,1,1,4,0.07,16.67,6
58,J. Martinez,DOM,1,0,6,0.08,14.29,7
58,Gaila,DOM,1,0,1,0.08,50.0,2
58,Jehlarova,CZE,1,0,2,0.08,33.33,3
58,Brancuska,CZE,1,0,2,0.08,33.33,3
58,Diana,BRA,1,0,3,0.08,25.0,4
58,Julia,BRA,1,1,6,0.07,12.5,8
58,Jheovana,BRA,1,0,0,0.08,100.0,1
58,Surinx,CAN,1,2,8,0.11,9.09,11
58,DAHYEON,KOR,1,3,6,0.08,10.0,10
58,HOYOUNG,KOR,1,1,4,0.08,16.67,6
58,Weitzel,GER,1,0,7,0.08,12.5,8
58,Strubbe,GER,1,0,0,0.08,100.0,1
58,White,CAN,1,0,2,0.1,33.33,3
58,Borowski,CAN,1,2,3,0.1,16.67,6
58,Çürük,TUR,1,1,5,0.33,14.29,7
58,Wang A. Q.,CHN,1,0,1,0.09,50.0,2
58,Pezelj,FRA,1,1,4,1.0,16.67,6
58,Butler,USA,1,0,3,0.11,25.0,4
58,Rettke,USA,1,0,2,0.12,33.33,3
58,Kolarova,CZE,1,0,2,0.25,33.33,3
58,Jimerson,USA,1,0,0,0.2,100.0,1
58,Lanier,USA,1,1,4,1.0,16.67,6
59,Ndiaye,FRA,0,0,0,,,0
59,Depie,FRA,0,1,0,0.0,0.0,1
59,Danard Selosse,FRA,0,1,2,0.0,0.0,3
59,Mayer,FRA,0,0,0,,,0
59,Respaut,FRA,0,0,0,,,0
59,Biemel,FRA,0,0,2,0.0,0.0,2
59,Ngolongolo,FRA,0,0,1,0.0,0.0,1
59,Akyol,TUR,0,0,0,,,0
59,E. Şahin,TUR,0,0,0,,,0
59,Özdemir,TUR,0,0,1,0.0,0.0,1
59,Uyanık,TUR,0,0,3,0.0,0.0,3
59,Kalaç,TUR,0,1,2,0.0,0.0,3
59,Karutasu,TUR,0,0,1,0.0,0.0,1
59,G.Pornpun,THA,0,1,0,0.0,0.0,1
59,J.Natthanicha,THA,0,1,0,0.0,0.0,1
59,Gryka,POL,0,0,3,0.0,0.0,3
59,Stysiak,POL,0,0,0,,,0
59,Korneluk,POL,0,0,0,,,0
59,Pierzchała,POL,0,0,0,,,0
59,Stefanik,POL,0,0,0,,,0
59,Smarzek,POL,0,0,0,,,0
59,Grabka,POL,0,2,2,0.0,0.0,4
59,Wenerska,POL,0,0,2,0.0,0.0,2
59,Zou J.Q.,CHN,0,1,0,0.0,0.0,1
59,Wan Z. Y.,CHN,0,0,3,0.0,0.0,3
59,Shan L. Q.,CHN,0,0,0,,,0
59,Zhang Z.X.,CHN,0,0,0,,,0
59,Lemmens,BEL,0,0,8,0.0,0.0,8
59,Koulberg,BEL,0,0,3,0.0,0.0,3
59,Nagels,BEL,0,0,1,0.0,0.0,1
59,Martin,BEL,0,1,0,0.0,0.0,1
59,Van Avermaet,BEL,0,1,2,0.0,0.0,3
59,Ten Brinke,NED,0,0,0,,,0
59,Lyklema,NED,0,0,0,,,0
59,Baijens,NED,0,0,2,0.0,0.0,2
59,Dambrink,NED,0,0,1,0.0,0.0,1
59,Seki,JPN,0,0,2,0.0,0.0,2
59,Tsukasa,JPN,0,0,0,,,0
59,Dodson,USA,0,0,0,,,0
59,Babcock,USA,0,0,0,,,0
59,Powell,USA,0,0,0,,,0
59,Lednicky,USA,0,0,0,,,0
59,Ka'aha'aina-Torres,USA,0,0,1,0.0,0.0,1
59,S. Gray,USA,0,0,1,0.0,0.0,1
59,Cambi,ITA,0,0,2,0.0,0.0,2
59,Orro,ITA,0,0,4,0.0,0.0,4
59,Nwakalor L.,ITA,0,0,1,0.0,0.0,1
59,Egonu,ITA,0,1,0,0.0,0.0,1
59,Antropova,ITA,0,0,0,,,0
59,Malual,ITA,0,0,0,,,0
59,Arias,DOM,0,0,4,0.0,0.0,4
59,A. Rodriguez,DOM,0,0,2,0.0,0.0,2
59,Marte,DOM,0,0,0,,,0
59,Tapia,DOM,0,0,0,,,0
59,Gonzalez,DOM,0,2,4,0.0,0.0,6
59,Puente,DOM,0,0,0,,,0
59,Osmajic,SRB,0,0,2,0.0,0.0,2
59,Mirković,SRB,0,1,1,0.0,0.0,2
59,Kurtagić,SRB,0,2,4,0.0,0.0,6
59,Zelenovic,SRB,0,0,0,,,0
59,Milojevic,SRB,0,0,0,,,0
59,Kirov,SRB,0,0,2,0.0,0.0,2
59,Bukilić,SRB,0,1,0,0.0,0.0,1
59,Perović,SRB,0,1,0,0.0,0.0,1
59,Mijatović,SRB,0,0,0,,,0
59,Kneiflova,CZE,0,0,1,0.0,0.0,1
59,Jedlickova,CZE,0,1,0,0.0,0.0,1
59,Valkova,CZE,0,1,0,0.0,0.0,1
59,Dite,CZE,0,0,0,,,0
59,Grabovska,CZE,0,0,0,,,0
59,Macris,BRA,0,0,5,0.0,0.0,5
59,Lorena,BRA,0,1,3,0.0,0.0,4
59,Aline,BRA,0,0,0,,,0
59,Roberta,BRA,0,0,0,,,0
59,Luzia,BRA,0,0,0,,,0
59,Tainara,BRA,0,0,1,0.0,0.0,1
59,Slavcheva,BUL,0,0,0,,,0
59,Kitipova,BUL,0,0,2,0.0,0.0,2
59,Vuchkova,BUL,0,1,4,0.0,0.0,5
59,Naneva,BUL,0,0,0,,,0
59,Dudova,BUL,0,0,0,,,0
59,Stoyanova,BUL,0,0,0,,,0
59,Nikolova M.,BUL,0,0,0,,,0
59,Van Ryk,CAN,0,0,0,,,0
59,Fransen,CAN,0,1,0,0.0,0.0,1
59,Smrek,CAN,0,0,0,,,0
59,Pelland,CAN,0,3,0,0.0,0.0,3
59,Thokbuom,CAN,0,0,1,0.0,0.0,1
59,Andrews,CAN,0,0,0,,,0
59,JUAH,KOR,0,0,0,,,0
59,DAIN,KOR,0,0,0,,,0
59,Sarang,KOR,0,0,0,,,0
59,SEBEEN,KOR,0,0,0,,,0
59,SEONWOO,KOR,0,0,2,0.0,0.0,2
59,SUJIN,KOR,0,1,14,0.0,0.0,15
59,Jiyun M.,KOR,0,1,1,0.0,0.0,2
59,Glaab,GER,0,1,0,0.0,0.0,1
59,Weske,GER,0,0,2,0.0,0.0,2
59,Schölzel,GER,0,0,3,0.0,0.0,3
59,Cekulaev,GER,0,0,3,0.0,0.0,3
59,Kindermann,GER,0,1,0,0.0,0.0,1
59,Straube,GER,0,0,3,0.0,0.0,3
59,K.Kuttika,THA,0,0,7,0.0,0.0,7
59,Poulter,USA,0,0,0,,,0
59,Blanc,FRA,0,0,0,,,0
59,Lanna,BRA,0,0,0,,,0
59,Tamaki,JPN,0,0,0,,,0
59,Nonaka,JPN,0,0,0,,,0
59,Daeun,KOR,0,0,0,,,0
59,Krivoshiyska,BUL,0,0,4,0.0,0.0,4
59,Marinova,BUL,0,0,1,0.0,0.0,1
59,A. Saykova,BUL,0,0,2,0.0,0.0,2
59,Sartori,ITA,0,0,0,,,0
59,Eze,ITA,0,0,0,,,0
59,Shiode,JPN,0,0,1,0.0,0.0,1
59,Allard,CAN,0,0,0,,,0
59,Stojiljkovic,FRA,0,0,0,,,0
59,Gicquel,FRA,0,0,0,,,0
59,Kästner,GER,0,1,1,0.0,0.0,2
59,Rosamaria,BRA,0,0,1,0.0,0.0,1
59,Konijnenberg,NED,0,0,0,,,0
59,Schut,NED,0,0,6,0.0,0.0,6
59,Wessels,NED,0,0,0,,,0
59,Centka-Tietianiec,POL,0,0,0,,,0
59,Özbay,TUR,0,0,0,,,0
59,Vargas,TUR,0,0,0,,,0
59,Güneş,TUR,0,2,2,0.0,0.0,4
59,Aleksić,SRB,0,1,3,0.0,0.0,4
59,Čajić,SRB,0,0,1,0.0,0.0,1
59,S.Kanokporn,THA,0,0,0,,,0
59,K.Kanyarat,THA,0,0,0,,,0
59,Fairbanks,USA,0,0,0,,,0
59,Pavlova,CZE,0,0,0,,,0
59,Rejmanova,CZE,0,0,0,,,0
59,Bošković,SRB,0,0,0,,,0
59,Gray,ITA,0,0,0,,,0
59,Bertels,BEL,0,0,2,0.0,0.0,2
59,Krenicky,BEL,0,0,0,,,0
59,Kisal,TUR,0,1,1,0.0,0.0,2
59,Terrero,DOM,0,0,0,,,0
59,De la Rosa,DOM,0,0,0,,,0
59,Yin X. L.,CHN,0,0,0,,,0
59,Fan B. N.,CHN,0,0,0,,,0
59,O'Neal,USA,0,0,1,0.0,0.0,1
59,Cuttino,USA,0,0,0,,,0
59,Samedy,USA,0,0,1,0.0,0.0,1
59,Guncheva,BUL,0,0,0,,,0
59,Nikolova,BUL,0,0,0,,,0
59,Kisy,BRA,0,0,1,0.0,0.0,1
59,Elouga,FRA,0,0,0,,,0
59,Hamming,NED,0,0,1,0.0,0.0,1
59,Miljevic,SRB,0,0,0,,,0
59,Mims,USA,0,0,0,,,0
